species,food_source,gene_count
Abscondita_terminalis,Invertebrates,5
Achroia_grisella,Plants,4
Acromyrmex_echinatior,Omnivore,3
Acyrthosiphon_pisum,Plants,3
Adelges_cooleyi,Plants,4
Aedes_aegypti,Blood,2
Aedes_albopictus,Blood,2
Aethina_tumida,Invertebrates,8
Agrilus_planipennis,Plants,2
Ampulex_compressa,Omnivore,1
Amyelois_transitella,Plants,3
Anabrus_simplex,Plants,8
Anastrepha_ludens,Plants,2
Anastrepha_obliqua,Plants,2
Anopheles_albimanus,Blood,3
Anopheles_aquasalis,Blood,2
Anopheles_arabiensis,Blood,2
Anopheles_bellator,Blood,1
Anopheles_coluzzii,Blood,2
Anopheles_coustani,Blood,2
Anopheles_cruzii,Blood,2
Anopheles_darlingi,Blood,2
Anopheles_funestus,Blood,2
Anopheles_gambiae,Blood,2
Anopheles_maculipalpis,Blood,3
Anopheles_merus,Blood,2
Anopheles_moucheti,Blood,2
Anopheles_nili,Blood,3
Anopheles_stephensi,Blood,3
Anopheles_ziemanni,Blood,2
Anoplophora_glabripennis,Plants,3
Anthonomus_grandis_grandis,Plants,1
Aphidius_gifuensis,Parasitoid,2
Aphis_craccivora,Plants,3
Aphis_gossypii,Plants,4
Apis_cerana,Plants,1
Apis_dorsata,Plants,1
Apis_florea,Plants,1
Apis_laboriosa,Plants,1
Apis_mellifera,Plants,1
Apolygus_lucorum,Plants,1
Arctia_plantaginis,Plants,4
Aricia_agestis,Plants,5
Armigeres_subalbatus,Blood,2
Athalia_rosae,Plants,1
Atta_cephalotes,Omnivore,3
Atta_colombica,Omnivore,3
Bacillus_rossius_redtenbacheri,Plants,6
Bactrocera_dorsalis,Plants,2
Bactrocera_latifrons,Plants,2
Bactrocera_tryoni,Plants,2
Belonocnema_kinseyi,Plants,2
Bemisia_tabaci,Plants,3
Bicyclus_anynana,Plants,2
Blattella_germanica,Detritivore,5
Bombus_affinis,Plants,1
Bombus_terrestris,Plants,1
Bombyx_mandarina,Plants,3
Bombyx_mori,Plants,3
Bradysia_coprophila,Detritivore,3
Brassicogethes_aeneus,Plants,7
Brenthis_ino,Plants,3
Calliphora_vicina,Detritivore,3
Camponotus_floridanus,Omnivore,1
Cataglyphis_hispanica,Invertebrates,2
Cephus_cinctus,Plants,1
Ceratina_calcarata,Plants,1
Ceratitis_capitata,Plants,2
Ceratosolen_solmsi_marchali,Plants,1
Chelonus_insularis,Parasitoid,1
Chilo_suppressalis,Plants,6
Chrysoperla_carnea,Invertebrates,1
Cimex_lectularius,Blood,4
Cloeon_dipterum,Plants,2
Clunio_marinus,Omnivore,1
Coccinella_septempunctata,Invertebrates,5
Colias_croceus,Plants,3
Colletes_gigas,Plants,1
Condylostylus_longicornis,Invertebrates,5
Contarinia_nasturtii,Plants,1
Copidosoma_floridanum,Parasitoid,2
Coptotermes_formosanus,Plants,3
Cotesia_glomerata,Parasitoid,4
Cryptotermes_secundus,Plants,6
Culex_pipiens_pallens,Blood,2
Culex_quinquefasciatus,Blood,3
Culicoides_brevitarsis,Blood,2
Cydia_pomonella,Plants,3
Cydia_splendana,Plants,3
Cylas_formicarius,Plants,3
Cyphomyrmex_costatus,Omnivore,2
Daktulosphaira_vitifoliae,Plants,4
Dalotia_coriaria,Invertebrates,2
Danaus_plexippus,Plants,8
Dendroctonus_ponderosae,Plants,1
Diabrotica_virgifera_virgifera,Plants,3
Diachasma_alloeum,Parasitoid,2
Diachasmimorpha_longicaudata,Parasitoid,2
Dinoponera_quadriceps,Invertebrates,1
Diorhabda_carinulata,Plants,2
Diorhabda_sublineata,Plants,4
Diprion_similis,Plants,1
Drosophila_albomicans,Detritivore,6
Drosophila_ananassae,Detritivore,5
Drosophila_arizonae,Detritivore,1
Drosophila_biarmipes,Plants,5
Drosophila_bipectinata,Detritivore,6
Drosophila_elegans,Plants,4
Drosophila_erecta,Plants,6
Drosophila_eugracilis,Plants,5
Drosophila_ficusphila,Plants,4
Drosophila_grimshawi,Detritivore,5
Drosophila_guanche,Detritivore,6
Drosophila_hydei,Detritivore,4
Drosophila_kikkawai,Detritivore,5
Drosophila_mauritiana,Plants,5
Drosophila_melanogaster,Detritivore,5
Drosophila_miranda,Detritivore,9
Drosophila_mojavensis,Detritivore,5
Drosophila_montana,Detritivore,7
Drosophila_nasuta,Detritivore,6
Drosophila_navojoa,Detritivore,4
Drosophila_novamexicana,Detritivore,6
Drosophila_obscura,Detritivore,5
Drosophila_persimilis,Detritivore,5
Drosophila_pseudoobscura,Detritivore,5
Drosophila_rhopaloa,Plants,5
Drosophila_sechellia,Plants,5
Drosophila_serrata,Detritivore,5
Drosophila_simulans,Detritivore,5
Drosophila_subobscura,Detritivore,5
Drosophila_subpulchrella,Plants,4
Drosophila_sulfurigaster_albostrigata,Detritivore,6
Drosophila_suzukii,Plants,4
Drosophila_takahashii,Plants,5
Drosophila_teissieri,Plants,5
Drosophila_virilis,Detritivore,6
Drosophila_yakuba,Plants,5
Dufourea_novaeangliae,Plants,1
Eciton_burchellii,Invertebrates,1
Episyrphus_balteatus,Invertebrates,8
Eriocheir_sinensis,Detritivore,4
Eufriesea_mexicana,Plants,1
Eupeodes_corollae,Invertebrates,4
Folsomia_candida,Omnivore,4
Fopius_arisanus,Parasitoid,1
Formica_exsecta,Omnivore,3
Frankliniella_occidentalis,Plants,6
Frieseomelitta_varia,Plants,3
Galleria_mellonella,Plants,6
Glossina_fuscipes,Blood,3
Gonioctena_quinquepunctata,Plants,2
Gryllus_longicercus,Plants,4
Halyomorpha_halys,Plants,2
Harmonia_axyridis,Invertebrates,6
Harpegnathos_saltator,Invertebrates,1
Helicoverpa_armigera,Plants,3
Helicoverpa_zea,Plants,3
Hermetia_illucens,Detritivore,1
Hetaerina_americana,Invertebrates,2
Homalodisca_vitripennis,Plants,8
Hylaeus_anthracinus,Plants,1
Hylaeus_volcanicus,Plants,1
Hyposmocoma_kahamanoa,Detritivore,5
Ignelater_luminosus,Invertebrates,6
Ischnura_elegans,Invertebrates,3
Lamprigera_yunnana,Invertebrates,7
Laodelphax_striatellus,Plants,9
Leguminivora_glycinivorella,Plants,4
Leptidea_sinapis,Plants,2
Leptinotarsa_decemlineata,Plants,2
Leptopilina_boulardi,Parasitoid,1
Leptopilina_heterotoma,Parasitoid,1
Linepithema_humile,Omnivore,1
Lucilia_cuprina,Detritivore,2
Lucilia_sericata,Detritivore,3
Lutzomyia_longipalpis,Blood,1
Malaya_genurostris,Blood,2
Manduca_sexta,Plants,5
Maniola_hyperantus,Plants,3
Maniola_jurtina,Plants,4
Megachile_rotundata,Plants,1
Megalopta_genalis,Plants,1
Melanaphis_sacchari,Plants,3
Melipona_quadrifasciata,Plants,1
Melitaea_cinxia,Plants,3
Microplitis_demolitor,Parasitoid,1
Microplitis_mediator,Parasitoid,1
Monomorium_pharaonis,Omnivore,3
Musca_domestica,Detritivore,4
Musca_vetustissima,Detritivore,3
Myzus_persicae,Plants,3
Nasonia_vitripennis,Parasitoid,1
Neocloeon_triangulifer,Plants,4
Neodiprion_fabricii,Plants,1
Neodiprion_lecontei,Plants,1
Neodiprion_pinetum,Plants,1
Neodiprion_virginianus,Plants,1
Nicrophorus_vespilloides,Detritivore,4
Nilaparvata_lugens,Plants,15
Nomia_melanderi,Plants,1
Nylanderia_fulva,Omnivore,1
Nymphalis_io,Plants,3
Ochlerotatus_camptorhynchus,Blood,1
Odontomachus_brunneus,Invertebrates,1
Onthophagus_taurus,Detritivore,5
Ooceraea_biroi,Invertebrates,1
Orussus_abietinus,Parasitoid,1
Osmia_bicornis_bicornis,Plants,1
Osmia_lignaria,Plants,2
Ostrinia_furnacalis,Plants,4
Ostrinia_nubilalis,Plants,4
Papilio_machaon,Plants,3
Papilio_polytes,Plants,5
Papilio_xuthus,Plants,3
Pararge_aegeria,Plants,3
Parnassius_apollo,Plants,6
Pectinophora_gossypiella,Plants,3
Pediculus_humanus_corporis,Blood,3
Periplaneta_americana,Detritivore,7
Phlebotomus_argentipes,Blood,1
Photinus_pyralis,Invertebrates,7
Phymastichus_coffea,Parasitoid,1
Pieris_brassicae,Plants,5
Pieris_napi,Plants,4
Pieris_rapae,Plants,4
Planococcus_citri,Plants,4
Plodia_interpunctella,Plants,3
Plutella_xylostella,Plants,1
Pogonomyrmex_barbatus,Plants,1
Polistes_canadensis,Omnivore,1
Polistes_dominula,Omnivore,1
Polistes_fuscatus,Omnivore,1
Polypedilum_vanderplanki,Omnivore,2
Procambarus_clarkii,Omnivore,4
Pseudomyrmex_gracilis,Omnivore,1
Rhodnius_prolixus,Blood,2
Rhopalosiphum_maidis,Plants,3
Rhopalosiphum_padi,Plants,3
Rhynchophorus_ferrugineus,Plants,2
Sabethes_cyaneus,Blood,2
Scaptodrosophila_lebanonensis,Detritivore,5
Scylla_paramamosain,Detritivore,2
Sipha_flava,Plants,3
Sitodiplosis_mosellana,Plants,1
Sitophilus_oryzae,Plants,3
Solenopsis_invicta,Omnivore,3
Spodoptera_frugiperda,Plants,3
Spodoptera_litura,Plants,3
Stomoxys_calcitrans,Blood,3
Temnothorax_curvispinosus,Omnivore,3
Temnothorax_longispinosus,Omnivore,3
Tenebrio_molitor,Omnivore,10
Thrips_palmi,Plants,4
Topomyia_yanbarensis,Blood,2
Toxorhynchites_rutilus_septentrionalis,Invertebrates,2
Trachymyrmex_septentrionalis,Omnivore,3
Tribolium_castaneum,Omnivore,4
Tribolium_madens,Omnivore,4
Trichogramma_pretiosum,Parasitoid,2
Trichoplusia_ni,Plants,3
Uranotaenia_lowii,Blood,2
Vanessa_atalanta,Plants,3
Vanessa_cardui,Plants,3
Vanessa_tameamea,Plants,4
Venturia_canescens,Parasitoid,1
Vespa_crabro,Omnivore,1
Vespa_mandarinia,Omnivore,1
Vespa_velutina,Omnivore,1
Vespula_pensylvanica,Omnivore,1
Vespula_vulgaris,Omnivore,1
Vollenhovia_emeryi,Omnivore,3
Wasmannia_auropunctata,Omnivore,4
Wyeomyia_smithii,Blood,2
Zerene_cesonia,Plants,4
Zeugodacus_cucurbitae,Plants,2
Zootermopsis_nevadensis,Plants,6
Zophobas_morio,Omnivore,14
Phlebotomus_papatasi,Blood,0
