species	speciations	duplications	losses
Abscondita_terminalis	2	0	1
Achroia_grisella	3	0	1
Aedes_aegypti	6	0	2
Aedes_albopictus	7	0	1
Aethina_tumida	6	3	1
Agrilus_planipennis	3	1	1
Amyelois_transitella	3	0	1
Anabrus_simplex	3	0	3
Anastrepha_ludens	12	3	0
Anastrepha_obliqua	11	2	0
Anopheles_albimanus	3	0	0
Anopheles_aquasalis	3	0	0
Anopheles_arabiensis	5	0	1
Anopheles_bellator	2	0	0
Anopheles_coluzzii	4	0	1
Anopheles_coustani	2	0	0
Anopheles_cruzii	2	0	0
Anopheles_darlingi	3	0	1
Anopheles_funestus	4	0	1
Anopheles_gambiae	6	1	0
Anopheles_maculipalpis	7	1	1
Anopheles_merus	3	0	2
Anopheles_moucheti	5	1	1
Anopheles_nili	3	1	5
Anopheles_stephensi	5	0	2
Anopheles_ziemanni	2	0	0
Anoplophora_glabripennis	6	3	3
Anthonomus_grandis_grandis	4	0	1
Apolygus_lucorum	2	0	2
Arctia_plantaginis	7	4	2
Aricia_agestis	2	0	4
Armigeres_subalbatus	7	0	2
Athalia_rosae	3	1	1
Bacillus_rossius_redtenbacheri	3	0	5
Bactrocera_dorsalis	15	3	3
Bactrocera_latifrons	12	1	4
Bactrocera_tryoni	16	4	3
Bemisia_tabaci	2	1	0
Bicyclus_anynana	2	0	2
Blattella_germanica	5	1	5
Bombyx_mandarina	1	0	1
Bombyx_mori	2	0	0
Bradysia_coprophila	2	0	1
Brassicogethes_aeneus	3	0	1
Brenthis_ino	2	0	2
Calliphora_vicina	24	10	3
Cephus_cinctus	1	0	1
Ceratitis_capitata	13	3	5
Chelonus_insularis	1	0	0
Chilo_suppressalis	7	3	1
Chrysoperla_carnea	9	4	5
Cimex_lectularius	2	0	2
Cloeon_dipterum	1	0	0
Clunio_marinus	4	1	2
Coccinella_septempunctata	5	1	0
Colias_croceus	3	0	0
Condylostylus_longicornis	4	1	4
Contarinia_nasturtii	3	2	0
Coptotermes_formosanus	3	1	4
Cryptotermes_secundus	8	2	0
Culex_pipiens_pallens	2	0	1
Culex_quinquefasciatus	3	0	0
Culicoides_brevitarsis	1	0	4
Cydia_pomonella	4	0	0
Cydia_splendana	4	1	1
Cylas_formicarius	4	0	2
Dalotia_coriaria	4	2	1
Danaus_plexippus	2	0	4
Dendroctonus_ponderosae	2	0	3
Diabrotica_virgifera_virgifera	6	1	1
Diorhabda_carinulata	0	0	4
Diorhabda_sublineata	4	0	0
Diprion_similis	2	0	1
Drosophila_albomicans	12	1	2
Drosophila_ananassae	14	4	3
Drosophila_arizonae	11	2	2
Drosophila_biarmipes	13	3	5
Drosophila_bipectinata	14	3	2
Drosophila_elegans	10	1	5
Drosophila_erecta	12	2	6
Drosophila_eugracilis	14	2	10
Drosophila_ficusphila	12	2	13
Drosophila_grimshawi	11	1	9
Drosophila_guanche	13	4	2
Drosophila_hydei	17	5	4
Drosophila_kikkawai	22	10	2
Drosophila_mauritiana	12	2	3
Drosophila_melanogaster	11	0	8
Drosophila_miranda	19	6	1
Drosophila_mojavensis	13	4	2
Drosophila_montana	12	1	3
Drosophila_nasuta	11	1	3
Drosophila_navojoa	12	3	3
Drosophila_novamexicana	13	1	1
Drosophila_obscura	12	4	5
Drosophila_persimilis	16	3	1
Drosophila_pseudoobscura	14	2	2
Drosophila_rhopaloa	15	4	3
Drosophila_sechellia	10	0	3
Drosophila_serrata	16	3	1
Drosophila_simulans	13	2	2
Drosophila_subobscura	13	4	2
Drosophila_subpulchrella	12	3	1
Drosophila_sulfurigaster_albostrigata	13	1	1
Drosophila_suzukii	12	3	1
Drosophila_takahashii	15	2	6
Drosophila_teissieri	13	2	3
Drosophila_virilis	16	4	1
Drosophila_yakuba	12	1	3
Episyrphus_balteatus	5	0	0
Eriocheir_sinensis	0	0	1
Eupeodes_corollae	6	1	0
Folsomia_candida	3	1	4
Frankliniella_occidentalis	6	1	1
Galleria_mellonella	5	1	0
Glossina_fuscipes	1	0	10
Gonioctena_quinquepunctata	2	0	0
Gryllus_longicercus	4	0	2
Halyomorpha_halys	0	0	6
Harmonia_axyridis	4	0	0
Helicoverpa_armigera	3	0	0
Helicoverpa_zea	3	0	0
Hermetia_illucens	53	47	4
Hetaerina_americana	2	0	0
Homalodisca_vitripennis	2	1	1
Hyposmocoma_kahamanoa	3	0	3
Ignelater_luminosus	0	0	2
Ischnura_elegans	2	0	0
Lamprigera_yunnana	1	0	1
Laodelphax_striatellus	1	0	0
Leguminivora_glycinivorella	4	1	1
Leptidea_sinapis	2	0	2
Leptinotarsa_decemlineata	2	0	0
Lucilia_cuprina	23	6	2
Lucilia_sericata	19	3	3
Lutzomyia_longipalpis	6	2	2
Malaya_genurostris	6	1	1
Manduca_sexta	4	1	0
Maniola_hyperantus	2	0	0
Maniola_jurtina	2	0	0
Melitaea_cinxia	2	0	2
Musca_domestica	43	29	3
Musca_vetustissima	21	9	5
Neocloeon_triangulifer	1	0	0
Neodiprion_fabricii	2	0	1
Neodiprion_lecontei	2	0	0
Neodiprion_pinetum	2	0	0
Neodiprion_virginianus	2	0	1
Nicrophorus_vespilloides	6	3	0
Nilaparvata_lugens	1	0	0
Node_Abscondita_terminalis_Lamprigera_yunnana_0	3	1	0
Node_Achroia_grisella_Amyelois_transitella_0	4	0	3
Node_Achroia_grisella_Galleria_mellonella_0	4	1	1
Node_Aedes_aegypti_Aedes_albopictus_0	8	1	2
Node_Aethina_tumida_Brassicogethes_aeneus_0	4	0	3
Node_Aethina_tumida_Cylas_formicarius_0	7	3	2
Node_Agrilus_planipennis_Ignelater_luminosus_0	3	0	3
Node_Agrilus_planipennis_Onthophagus_taurus_0	6	1	5
Node_Amyelois_transitella_Plodia_interpunctella_0	4	0	0
Node_Anabrus_simplex_Bacillus_rossius_redtenbacheri_0	12	0	6
Node_Anabrus_simplex_Frankliniella_occidentalis_0	18	6	0
Node_Anabrus_simplex_Gryllus_longicercus_0	6	0	6
Node_Anastrepha_ludens_Anastrepha_obliqua_0	9	1	8
Node_Anastrepha_ludens_Ceratitis_capitata_0	16	3	4
Node_Anastrepha_ludens_Glossina_fuscipes_0	17	1	6
Node_Anastrepha_ludens_Scaptodrosophila_lebanonensis_0	22	18	2
Node_Anopheles_albimanus_Anopheles_aquasalis_0	3	0	1
Node_Anopheles_arabiensis_Anopheles_coluzzii_0	6	1	0
Node_Anopheles_bellator_Anopheles_cruzii_0	2	0	2
Node_Anopheles_bellator_Anopheles_darlingi_0	4	0	4
Node_Anopheles_bellator_Anopheles_maculipalpis_0	8	1	0
Node_Anopheles_coluzzii_Anopheles_gambiae_0	5	0	1
Node_Anopheles_coustani_Anopheles_bellator_0	7	0	1
Node_Anopheles_coustani_Anopheles_ziemanni_0	2	1	6
Node_Anopheles_darlingi_Anopheles_albimanus_0	4	0	0
Node_Anopheles_funestus_Anopheles_moucheti_0	5	0	2
Node_Anopheles_maculipalpis_Anopheles_nili_0	10	2	0
Node_Anopheles_maculipalpis_Anopheles_stephensi_0	7	0	3
Node_Anopheles_merus_Anopheles_arabiensis_0	5	0	4
Node_Anopheles_nili_Anopheles_funestus_0	7	0	2
Node_Anopheles_nili_Anopheles_merus_0	9	1	2
Node_Anoplophora_glabripennis_Gonioctena_quinquepunctata_0	6	0	1
Node_Anthonomus_grandis_grandis_Dendroctonus_ponderosae_0	5	1	2
Node_Anthonomus_grandis_grandis_Rhynchophorus_ferrugineus_0	6	0	0
Node_Aphidius_gifuensis_Chelonus_insularis_0	1	0	0
Node_Aphidius_gifuensis_Fopius_arisanus_0	0	0	1
Node_Apolygus_lucorum_Cimex_lectularius_0	4	0	2
Node_Arctia_plantaginis_Trichoplusia_ni_0	5	0	0
Node_Aricia_agestis_Danaus_plexippus_0	6	0	1
Node_Armigeres_subalbatus_Aedes_aegypti_0	9	1	1
Node_Athalia_rosae_Cephus_cinctus_0	4	0	10
Node_Athalia_rosae_Chrysoperla_carnea_0	14	0	0
Node_Athalia_rosae_Diprion_similis_0	3	0	1
Node_Bacillus_rossius_redtenbacheri_Blattella_germanica_0	8	1	5
Node_Bactrocera_dorsalis_Bactrocera_latifrons_0	15	0	0
Node_Bactrocera_tryoni_Bactrocera_dorsalis_0	15	4	2
Node_Belonocnema_kinseyi_Polistes_dominula_0	1	0	0
Node_Belonocnema_kinseyi_Trichogramma_pretiosum_0	0	0	1
Node_Belonocnema_kinseyi_Venturia_canescens_0	1	0	0
Node_Bemisia_tabaci_Planococcus_citri_0	1	0	6
Node_Bicyclus_anynana_Brenthis_ino_0	6	0	0
Node_Bicyclus_anynana_Maniola_hyperantus_0	4	0	2
Node_Bicyclus_anynana_Pararge_aegeria_0	4	0	0
Node_Blattella_germanica_Periplaneta_americana_0	9	2	1
Node_Bombyx_mandarina_Bombyx_mori_0	2	0	1
Node_Bradysia_coprophila_Contarinia_nasturtii_0	3	0	7
Node_Bradysia_coprophila_Hermetia_illucens_0	10	0	2
Node_Brenthis_ino_Melitaea_cinxia_0	4	1	3
Node_Calliphora_vicina_Lucilia_cuprina_0	17	5	5
Node_Calliphora_vicina_Stomoxys_calcitrans_0	17	6	0
Node_Cephus_cinctus_Orussus_abietinus_0	2	0	2
Node_Ceratitis_capitata_Zeugodacus_cucurbitae_0	15	0	1
Node_Chelonus_insularis_Cotesia_glomerata_0	1	0	0
Node_Chilo_suppressalis_Achroia_grisella_0	7	0	1
Node_Chilo_suppressalis_Manduca_sexta_0	8	0	3
Node_Chilo_suppressalis_Ostrinia_furnacalis_0	5	0	2
Node_Chilo_suppressalis_Parnassius_apollo_0	11	1	0
Node_Chrysoperla_carnea_Agrilus_planipennis_0	10	0	5
Node_Chrysoperla_carnea_Plutella_xylostella_0	15	3	2
Node_Cloeon_dipterum_Anabrus_simplex_0	12	6	0
Node_Cloeon_dipterum_Hetaerina_americana_0	3	0	9
Node_Cloeon_dipterum_Neocloeon_triangulifer_0	1	0	2
Node_Clunio_marinus_Polypedilum_vanderplanki_0	5	1	1
Node_Coccinella_septempunctata_Aethina_tumida_0	6	0	0
Node_Coccinella_septempunctata_Harmonia_axyridis_0	4	1	3
Node_Colias_croceus_Pieris_rapae_0	4	0	0
Node_Colias_croceus_Zerene_cesonia_0	3	0	1
Node_Condylostylus_longicornis_Episyrphus_balteatus_0	7	1	4
Node_Contarinia_nasturtii_Sitodiplosis_mosellana_0	1	0	2
Node_Coptotermes_formosanus_Cryptotermes_secundus_0	6	2	0
Node_Cotesia_glomerata_Microplitis_demolitor_0	0	0	1
Node_Culex_pipiens_pallens_Culex_quinquefasciatus_0	3	0	7
Node_Culex_pipiens_pallens_Ochlerotatus_camptorhynchus_0	10	0	1
Node_Culicoides_brevitarsis_Clunio_marinus_0	5	0	3
Node_Culicoides_brevitarsis_Lutzomyia_longipalpis_0	14	4	2
Node_Culicoides_brevitarsis_Toxorhynchites_rutilus_septentrionalis_0	8	0	6
Node_Cydia_pomonella_Cydia_splendana_0	4	0	0
Node_Cylas_formicarius_Anoplophora_glabripennis_0	7	0	0
Node_Cylas_formicarius_Anthonomus_grandis_grandis_0	6	2	3
Node_Dalotia_coriaria_Nicrophorus_vespilloides_0	3	1	2
Node_Danaus_plexippus_Bicyclus_anynana_0	6	0	0
Node_Diabrotica_virgifera_virgifera_Diorhabda_carinulata_0	6	2	0
Node_Diorhabda_carinulata_Diorhabda_sublineata_0	4	0	2
Node_Diprion_similis_Neodiprion_fabricii_0	3	0	0
Node_Drosophila_albomicans_Drosophila_nasuta_0	13	0	0
Node_Drosophila_ananassae_Drosophila_bipectinata_0	13	1	13
Node_Drosophila_ananassae_Drosophila_kikkawai_0	25	3	3
Node_Drosophila_arizonae_Drosophila_mojavensis_0	11	1	2
Node_Drosophila_biarmipes_Drosophila_subpulchrella_0	15	0	4
Node_Drosophila_elegans_Drosophila_rhopaloa_0	14	0	9
Node_Drosophila_elegans_Drosophila_takahashii_0	23	1	1
Node_Drosophila_erecta_Drosophila_sechellia_0	19	0	0
Node_Drosophila_erecta_Drosophila_teissieri_0	16	0	3
Node_Drosophila_eugracilis_Drosophila_melanogaster_0	22	0	4
Node_Drosophila_ficusphila_Drosophila_elegans_0	23	1	2
Node_Drosophila_grimshawi_Drosophila_montana_0	19	1	0
Node_Drosophila_guanche_Drosophila_subobscura_0	11	0	2
Node_Drosophila_hydei_Drosophila_navojoa_0	16	2	4
Node_Drosophila_kikkawai_Drosophila_ficusphila_0	24	1	2
Node_Drosophila_kikkawai_Drosophila_serrata_0	14	4	14
Node_Drosophila_mauritiana_Drosophila_simulans_0	13	0	0
Node_Drosophila_melanogaster_Drosophila_erecta_0	19	2	5
Node_Drosophila_miranda_Drosophila_persimilis_0	14	3	5
Node_Drosophila_montana_Drosophila_hydei_0	18	0	1
Node_Drosophila_montana_Drosophila_novamexicana_0	14	0	4
Node_Drosophila_navojoa_Drosophila_arizonae_0	12	0	4
Node_Drosophila_novamexicana_Drosophila_virilis_0	13	2	3
Node_Drosophila_obscura_Drosophila_ananassae_0	25	6	5
Node_Drosophila_obscura_Drosophila_guanche_0	13	0	3
Node_Drosophila_obscura_Drosophila_miranda_0	16	2	11
Node_Drosophila_persimilis_Drosophila_pseudoobscura_0	14	1	1
Node_Drosophila_sechellia_Drosophila_mauritiana_0	13	1	7
Node_Drosophila_subpulchrella_Drosophila_suzukii_0	10	0	5
Node_Drosophila_sulfurigaster_albostrigata_Drosophila_albomicans_0	13	4	9
Node_Drosophila_sulfurigaster_albostrigata_Drosophila_grimshawi_0	18	2	8
Node_Drosophila_sulfurigaster_albostrigata_Drosophila_obscura_0	24	9	2
Node_Drosophila_takahashii_Drosophila_biarmipes_0	19	0	7
Node_Drosophila_takahashii_Drosophila_eugracilis_0	26	6	3
Node_Drosophila_teissieri_Drosophila_yakuba_0	14	1	3
Node_Episyrphus_balteatus_Anastrepha_ludens_0	6	0	1
Node_Episyrphus_balteatus_Eupeodes_corollae_0	5	1	2
Node_Eriocheir_sinensis_Scylla_paramamosain_0	1	0	1
Node_Folsomia_candida_Cloeon_dipterum_0	6	3	0
Node_Frankliniella_occidentalis_Homalodisca_vitripennis_0	9	0	7
Node_Frankliniella_occidentalis_Pediculus_humanus_corporis_0	16	1	3
Node_Frankliniella_occidentalis_Thrips_palmi_0	6	3	6
Node_Glossina_fuscipes_Calliphora_vicina_0	11	0	6
Node_Gonioctena_quinquepunctata_Diabrotica_virgifera_virgifera_0	4	0	2
Node_Gonioctena_quinquepunctata_Leptinotarsa_decemlineata_0	2	0	2
Node_Halyomorpha_halys_Rhodnius_prolixus_0	6	0	1
Node_Helicoverpa_armigera_Helicoverpa_zea_0	3	0	2
Node_Helicoverpa_armigera_Spodoptera_frugiperda_0	5	0	0
Node_Hermetia_illucens_Condylostylus_longicornis_0	10	1	1
Node_Hetaerina_americana_Ischnura_elegans_0	2	0	1
Node_Homalodisca_vitripennis_Bemisia_tabaci_0	7	0	2
Node_Homalodisca_vitripennis_Halyomorpha_halys_0	7	0	0
Node_Homalodisca_vitripennis_Laodelphax_striatellus_0	2	0	5
Node_Hyposmocoma_kahamanoa_Chilo_suppressalis_0	10	2	0
Node_Hyposmocoma_kahamanoa_Pectinophora_gossypiella_0	6	0	4
Node_Ignelater_luminosus_Abscondita_terminalis_0	2	0	1
Node_Lamprigera_yunnana_Photinus_pyralis_0	2	0	1
Node_Laodelphax_striatellus_Nilaparvata_lugens_0	1	0	1
Node_Leguminivora_glycinivorella_Cydia_pomonella_0	4	1	5
Node_Leguminivora_glycinivorella_Hyposmocoma_kahamanoa_0	8	4	0
Node_Leptidea_sinapis_Aricia_agestis_0	7	1	1
Node_Leptidea_sinapis_Colias_croceus_0	4	0	3
Node_Lucilia_cuprina_Lucilia_sericata_0	19	4	2
Node_Lutzomyia_longipalpis_Bradysia_coprophila_0	12	2	4
Node_Lutzomyia_longipalpis_Phlebotomus_argentipes_0	6	2	8
Node_Malaya_genurostris_Culex_pipiens_pallens_0	11	1	1
Node_Malaya_genurostris_Sabethes_cyaneus_0	8	1	4
Node_Malaya_genurostris_Topomyia_yanbarensis_0	6	1	3
Node_Manduca_sexta_Arctia_plantaginis_0	5	0	3
Node_Manduca_sexta_Bombyx_mandarina_0	3	0	2
Node_Maniola_hyperantus_Maniola_jurtina_0	2	0	2
Node_Melitaea_cinxia_Nymphalis_io_0	4	1	1
Node_Musca_domestica_Musca_vetustissima_0	17	5	5
Node_Neodiprion_fabricii_Neodiprion_lecontei_0	3	1	1
Node_Neodiprion_fabricii_Neodiprion_virginianus_0	3	0	0
Node_Neodiprion_lecontei_Neodiprion_pinetum_0	2	0	1
Node_Nymphalis_io_Vanessa_cardui_0	3	0	1
Node_Ochlerotatus_camptorhynchus_Armigeres_subalbatus_0	9	1	2
Node_Onthophagus_taurus_Dalotia_coriaria_0	4	0	1
Node_Onthophagus_taurus_Tenebrio_molitor_0	5	0	1
Node_Orussus_abietinus_Belonocnema_kinseyi_0	1	0	1
Node_Ostrinia_furnacalis_Ostrinia_nubilalis_0	5	1	1
Node_Papilio_machaon_Papilio_xuthus_0	4	0	1
Node_Papilio_polytes_Papilio_machaon_0	5	0	1
Node_Parnassius_apollo_Leptidea_sinapis_0	7	0	4
Node_Parnassius_apollo_Papilio_polytes_0	6	3	4
Node_Pediculus_humanus_corporis_Athalia_rosae_0	14	0	2
Node_Periplaneta_americana_Zootermopsis_nevadensis_0	7	0	2
Node_Phlebotomus_argentipes_Phlebotomus_papatasi_0	6	0	0
Node_Pieris_brassicae_Pieris_napi_0	3	0	0
Node_Pieris_rapae_Pieris_brassicae_0	3	0	1
Node_Planococcus_citri_Adelges_cooleyi_0	0	0	1
Node_Plutella_xylostella_Culicoides_brevitarsis_0	12	0	3
Node_Plutella_xylostella_Leguminivora_glycinivorella_0	4	1	9
Node_Polistes_dominula_Ampulex_compressa_0	0	0	1
Node_Procambarus_clarkii_Eriocheir_sinensis_0	2	0	1
Node_Procambarus_clarkii_Folsomia_candida_0	3	2	0
Node_Rhodnius_prolixus_Apolygus_lucorum_0	6	0	0
Node_Rhynchophorus_ferrugineus_Sitophilus_oryzae_0	3	0	3
Node_Sabethes_cyaneus_Wyeomyia_smithii_0	7	0	1
Node_Scaptodrosophila_lebanonensis_Drosophila_sulfurigaster_albostrigata_0	17	2	7
Node_Spodoptera_frugiperda_Spodoptera_litura_0	4	0	1
Node_Stomoxys_calcitrans_Musca_domestica_0	17	3	3
Node_Tenebrio_molitor_Coccinella_septempunctata_0	6	3	2
Node_Tenebrio_molitor_Tribolium_castaneum_0	3	0	3
Node_Tenebrio_molitor_Zophobas_morio_0	3	0	0
Node_Toxorhynchites_rutilus_septentrionalis_Anopheles_coustani_0	8	4	4
Node_Toxorhynchites_rutilus_septentrionalis_Uranotaenia_lowii_0	9	2	1
Node_Tribolium_castaneum_Tribolium_madens_0	4	1	0
Node_Trichoplusia_ni_Helicoverpa_armigera_0	5	1	1
Node_Uranotaenia_lowii_Malaya_genurostris_0	11	2	0
Node_Vanessa_atalanta_Vanessa_tameamea_0	2	0	0
Node_Vanessa_cardui_Vanessa_atalanta_0	2	0	1
Node_Venturia_canescens_Aphidius_gifuensis_0	1	0	0
Node_Zeugodacus_cucurbitae_Bactrocera_tryoni_0	13	0	2
Node_Zootermopsis_nevadensis_Coptotermes_formosanus_0	4	0	3
Nymphalis_io	2	0	1
Ochlerotatus_camptorhynchus	5	0	4
Onthophagus_taurus	6	3	1
Orussus_abietinus	0	0	1
Ostrinia_furnacalis	6	1	0
Ostrinia_nubilalis	5	0	0
Papilio_machaon	4	0	0
Papilio_polytes	5	0	0
Papilio_xuthus	4	1	1
Pararge_aegeria	2	0	2
Parnassius_apollo	8	3	1
Pectinophora_gossypiella	5	0	1
Pediculus_humanus_corporis	1	0	13
Periplaneta_americana	8	4	3
Phlebotomus_argentipes	4	0	2
Phlebotomus_papatasi	3	0	3
Photinus_pyralis	1	0	1
Pieris_brassicae	3	0	0
Pieris_napi	3	0	0
Pieris_rapae	3	0	0
Plodia_interpunctella	3	0	1
Plutella_xylostella	2	0	2
Polypedilum_vanderplanki	9	5	1
Procambarus_clarkii	8	6	0
Rhodnius_prolixus	3	0	3
Rhynchophorus_ferrugineus	5	2	0
Sabethes_cyaneus	9	3	1
Scaptodrosophila_lebanonensis	19	9	7
Scylla_paramamosain	2	1	0
Sitodiplosis_mosellana	1	0	0
Sitophilus_oryzae	1	0	2
Spodoptera_frugiperda	4	0	0
Spodoptera_litura	4	0	0
Stomoxys_calcitrans	29	17	5
Tenebrio_molitor	2	0	1
Thrips_palmi	6	3	3
Topomyia_yanbarensis	6	1	1
Toxorhynchites_rutilus_septentrionalis	3	0	6
Tribolium_castaneum	4	0	0
Tribolium_madens	1	0	3
Trichoplusia_ni	4	0	1
Uranotaenia_lowii	7	2	6
Vanessa_atalanta	2	0	0
Vanessa_cardui	2	0	0
Vanessa_tameamea	2	0	0
Venturia_canescens	0	0	1
Wyeomyia_smithii	8	1	0
Zerene_cesonia	3	0	0
Zeugodacus_cucurbitae	17	7	3
Zootermopsis_nevadensis	3	0	1
Zophobas_morio	4	1	0
